{
  "project_info": {
    "project_number": "564507649500",
    "project_id": "fir-login-ce419",
    "storage_bucket": "fir-login-ce419.appspot.com"
  },
  "client": [
    {
      "client_info": {
        "mobilesdk_app_id": "1:564507649500:android:565676fa41327892e6db19",
        "android_client_info": {
          "package_name": "etec.com.br.vitorguerra.firebaselogin"
        }
      },
      "oauth_client": [
        {
          "client_id": "564507649500-vvj4vpv37n6h3hpffejqgktorvhnmkc4.apps.googleusercontent.com",
          "client_type": 1,
          "android_info": {
            "package_name": "etec.com.br.vitorguerra.firebaselogin",
            "certificate_hash": "d696cd6dc2293172b5f6e19afced7731345d0067"
          }
        },
        {
          "client_id": "564507649500-njvc69j34gg8o0fsh542h334t7jbfi2d.apps.googleusercontent.com",
          "client_type": 3
        }
      ],
      "api_key": [
        {
          "current_key": "AIzaSyBZQ_z29edF1kkcEhWYwnXPG_RQlrIKJqk"
        }
      ],
      "services": {
        "appinvite_service": {
          "other_platform_oauth_client": [
            {
              "client_id": "564507649500-njvc69j34gg8o0fsh542h334t7jbfi2d.apps.googleusercontent.com",
              "client_type": 3
            }
          ]
        }
      }
    }
  ],
  "configuration_version": "1"
}