{
  "project_info": {
    "project_number": "902228772784",
    "project_id": "fir-uploadvitor",
    "storage_bucket": "fir-uploadvitor.appspot.com"
  },
  "client": [
    {
      "client_info": {
        "mobilesdk_app_id": "1:902228772784:android:d7303830819659f7177875",
        "android_client_info": {
          "package_name": "com.example.firebaseimagem.vitor.g.bueno"
        }
      },
      "oauth_client": [
        {
          "client_id": "902228772784-bf5luhfpvoh7b64mddvq1k65p9vmmc5d.apps.googleusercontent.com",
          "client_type": 1,
          "android_info": {
            "package_name": "com.example.firebaseimagem.vitor.g.bueno",
            "certificate_hash": "d696cd6dc2293172b5f6e19afced7731345d0067"
          }
        },
        {
          "client_id": "902228772784-7j011mki7vsfsvgesbk9h6m5ktp363a7.apps.googleusercontent.com",
          "client_type": 3
        }
      ],
      "api_key": [
        {
          "current_key": "AIzaSyC8W6KGU5KjSBlZ_XDcFLXtFlu5UqWdXLY"
        }
      ],
      "services": {
        "appinvite_service": {
          "other_platform_oauth_client": [
            {
              "client_id": "902228772784-7j011mki7vsfsvgesbk9h6m5ktp363a7.apps.googleusercontent.com",
              "client_type": 3
            }
          ]
        }
      }
    }
  ],
  "configuration_version": "1"
}