{
  "project_info": {
    "project_number": "536292735062",
    "firebase_url": "https://appandroidfb-61160-default-rtdb.firebaseio.com",
    "project_id": "appandroidfb-61160",
    "storage_bucket": "appandroidfb-61160.appspot.com"
  },
  "client": [
    {
      "client_info": {
        "mobilesdk_app_id": "1:536292735062:android:7ffb2b99929af313d1e3f7",
        "android_client_info": {
          "package_name": "com.vitor.g.bueno.crudFirebaseApp"
        }
      },
      "oauth_client": [
        {
          "client_id": "536292735062-3soa6308hjofr4rik9mb9nugeoctg2pg.apps.googleusercontent.com",
          "client_type": 1,
          "android_info": {
            "package_name": "com.vitor.g.bueno.crudFirebaseApp",
            "certificate_hash": "d696cd6dc2293172b5f6e19afced7731345d0067"
          }
        },
        {
          "client_id": "536292735062-h0r2o1lahciqs21as78v1jjd5jl3uqh2.apps.googleusercontent.com",
          "client_type": 3
        }
      ],
      "api_key": [
        {
          "current_key": "AIzaSyD8xuddk0NI54snXzCVsabsb1o4sgQBfBE"
        }
      ],
      "services": {
        "appinvite_service": {
          "other_platform_oauth_client": [
            {
              "client_id": "536292735062-h0r2o1lahciqs21as78v1jjd5jl3uqh2.apps.googleusercontent.com",
              "client_type": 3
            }
          ]
        }
      }
    }
  ],
  "configuration_version": "1"
}